danceability,energy,valence,loudness,y_pred,y
1.15373270768468,1.0899644775006363,0.0155545107104475,0.7578610444599121,1.0,0.0
-0.7214537625378484,-0.1439530391964475,-0.564878876022487,0.7140065977378702,1.0,1.0
-0.8838302445962234,0.4649408987815251,1.883207517000775,-0.2921058440473564,0.0,0.0
0.436133416007344,-1.2165741484821475,-0.7544081451597721,-0.0183118658637967,1.0,0.0
1.5361031331769837,0.718982740454454,1.6265532983773687,0.7741159745190473,1.0,1.0
-0.5328875253087674,-0.7004256447657206,-1.2124372122415437,0.1376338693910321,1.0,1.0
-0.6690742521964369,-0.1560502697523013,-0.517496558738166,0.4217565010496674,0.0,1.0
-0.627170643923308,-0.0229807336379102,-1.1255696305536214,0.6667657072535084,1.0,1.0
-0.3181315329089804,-2.261573247998648,-0.2568938136743994,-2.266402557479827,0.0,0.0
-0.5486013784111908,-0.1439530391964475,-1.07423878682894,0.316946066605868,1.0,1.0
-0.6009808887526024,-0.2165364225315701,0.4183042076271777,-0.6446346397048524,0.0,1.0
1.3475368959479024,0.3963899256316871,-0.1739747584268371,0.3626630573971861,1.0,0.0
1.1065911483774102,1.3278766784324267,1.014531700121553,0.6144451511256667,1.0,1.0
0.9861182745921638,0.7714040728631536,1.3620020268732416,0.7504108681828086,1.0,1.0
0.6037478490998601,-1.0230184595884877,-1.003165310902458,-0.2954922878096762,1.0,1.0
1.373726651118608,0.0254081885855048,1.1487815990937964,0.0795563588672467,1.0,1.0
0.7189827718509654,1.3198118580618574,1.7963399353128526,1.0524816517817388,1.0,1.0
-0.0876616874067705,0.432681617299248,0.0787309337562092,0.7099428652230864,1.0,0.0
0.3837539056659326,0.8722143274952684,1.3975387648364823,0.5710986709679726,1.0,1.0
0.3261364442903794,-0.1116937577141708,1.6265532983773687,-0.059287835387867,0.0,0.0
1.064687540104281,0.1262184432176195,0.7776201136999472,0.3372647291797871,1.0,1.0
0.5147026815194613,-0.5592912882807601,-0.9478859407374168,-0.3302033363734546,1.0,0.0
0.2842328360172508,0.5334918719313627,-0.5135480322978059,0.7067257436488825,1.0,1.0
0.7451725270216711,1.182709911762181,0.7341863228559861,0.938527819179676,1.0,0.0
-0.9833513142449056,-0.3617031892018154,-0.2845334987569201,-0.3156416281954793,0.0,0.0
-0.4909839170356382,0.2552555691467265,-0.7030773014350907,0.8218648315677572,1.0,1.0
0.9023110580459056,-0.4544486234633608,-0.2568938136743994,-0.0570866469423591,1.0,1.0
-1.2452488659519627,-0.7165552855068589,-0.7978419360037332,0.0824348360652188,0.0,1.0
-0.2762279246358518,1.344006319173565,1.8595163583586145,0.978826499951282,0.0,0.0
1.1746845118212446,0.3641306441494104,0.8407965367457089,0.7248432177772937,1.0,0.0
-0.6062188397867435,-0.8697868725476734,-0.6596435105911296,0.1819962826774222,1.0,1.0
0.111380451890593,-1.1036666632941794,-0.0634160180967545,0.4344556651583667,1.0,0.0
0.666603261509554,0.5818807941547779,1.2514432865431593,0.4380114311088027,1.0,1.0
0.1375702070612987,-0.6278422614305982,-0.5964670875453679,-0.5281409742810498,0.0,0.0
0.2789948849831096,-0.2447632938285623,-0.3200702367201608,-0.1297258656441196,1.0,1.0
1.0227839318311511,0.8964087886069755,1.5870680339737675,0.9334481535361964,1.0,0.0
0.5251785835877429,0.2754176200731494,0.971097909277592,0.1549047325788634,1.0,0.0
0.4780370242804732,1.3117470376912883,0.260363150012774,1.0209877247921642,1.0,0.0
-0.3338453860114038,1.138353399724051,-1.188746053599383,0.9967746518915772,1.0,0.0
-1.250486816986104,-0.5794533392071831,-0.8531213061687744,0.3665574677238538,0.0,1.0
-1.9261825003903112,-1.0956018429236103,-1.5626715075014843,-0.541517427142213,0.0,1.0
-1.5961915852394193,-2.083542338318334,-1.508576695268551,-2.487706657347429,0.0,0.0
0.3208984932562388,1.0294783247213677,1.0816566496076747,1.0685672596527582,1.0,0.0
-0.2971797287724158,0.7875337136042919,1.28303149806604,0.7224727071436697,0.0,1.0
0.7451725270216711,0.2915472608142878,-1.038702048865699,0.2864680727449895,1.0,1.0
-0.0667098832702059,-0.5955829799483214,1.1487815990937964,-0.5962084939036786,0.0,1.0
-0.852402538391377,0.4649408987815251,-0.327967289600881,0.4813579112664966,0.0,1.0
1.4156302593917374,0.3963899256316871,0.0550397751140486,-0.0647061454075787,1.0,0.0
-0.9938272163131876,0.4286492071139638,0.2050837798477321,-0.7152419921492211,0.0,0.0
-0.2971797287724158,-1.1681852262587331,0.0431941957929687,0.0294369911849131,1.0,0.0
-0.5643152315136143,-0.6601015429128747,-1.3190474261312664,0.5319852455131784,1.0,1.0
1.0070700787287283,0.6020428450812008,0.1063706188387299,0.3633403461496499,1.0,1.0
0.6613653104754128,0.4649408987815251,-0.8491727797284143,-0.961097809293642,0.0,0.0
-0.1871827570554517,1.138353399724051,-0.0989527560599952,1.1200412048400197,1.0,1.0
0.2056635705051336,-0.7286525160627126,-0.2134600228304382,0.1386498025197281,1.0,1.0
-0.0981375894750528,0.0979915719206274,-0.3990407655273629,0.0211402039672296,0.0,1.0
-0.9100199997669296,0.7351123811955919,-0.6517464577104093,0.4261588779406832,0.0,0.0
-0.8733543425279416,-1.0552777410707643,-0.9834226787006578,-0.2035503396626922,0.0,0.0
0.9546905683873168,-0.1036289373436016,0.7302377964156259,-0.4986789135488669,0.0,0.0
-0.6638363011622961,1.473043445102672,-0.9952682580217384,0.2192471640629406,0.0,0.0
0.0380491374126169,1.0698024265742128,-0.4345775034906038,0.6264670264819021,1.0,1.0
0.4989888284170372,1.4690110349173873,1.3975387648364823,0.917023901288945,1.0,0.0
1.1170670504456923,0.3036444913701415,1.4725607672033243,0.1207016505794329,1.0,1.0
-2.612354085862801,-1.994022832205016,-1.811823525888207,-2.51513685182222,0.0,0.0
-0.0824237363726294,-1.7488522929397132,-1.6902089115251162,-1.7286352880234357,0.0,0.0
-1.983799961765864,-1.7327226521985748,-1.77194340884057,-2.3639321378346385,0.0,0.0
0.5408924366901664,-0.4826754947603529,0.224826412049533,0.2890079055667293,1.0,1.0
-1.1404898452691403,0.5617187432283549,1.2435462336624383,0.5421445768001381,0.0,0.0
0.1218563539588752,-0.2004067817904317,-1.62150455146285,0.2490478691713551,1.0,0.0
-1.088110334927729,-0.4584810336486453,0.8526421160667892,0.4183700572873475,0.0,0.0
-0.0300442260312179,0.0415378293266431,-0.2963790780780004,0.4793260450091048,1.0,1.0
-0.0038544708605122,0.4488112580403868,-0.991319731581378,0.6435685674816173,1.0,1.0
-0.3233694839431216,-2.250080878970587,-0.4661657150134846,-1.4843033705720583,0.0,0.0
0.9285008132166112,-0.5310644169837675,-0.5214450851785262,-0.2736497255427133,1.0,0.0
1.221826071128515,1.3278766784324267,1.756854670909252,1.0340255332770956,1.0,1.0
0.4885129263487555,-0.9141433845858036,0.1142676717194501,-0.5863878069929511,0.0,0.0
-0.7109778604695661,-1.3456112744112545,-1.1374152098747017,-0.723030812802557,0.0,0.0
-0.1452791487823231,1.029478324721367,1.054016964525154,0.8216955093796412,1.0,1.0
-0.1819448060213106,-1.1157638938500332,-1.394069428498108,-0.651746171605724,0.0,0.0
0.9285008132166112,0.6141400756370545,-0.8412757268476941,0.3988980056540083,1.0,0.0
-0.5852670356501789,-1.172217636444017,-1.0465991017464191,-0.0327042518536562,0.0,0.0
0.00662143120777,0.7512420219367306,0.0234515635911677,0.4425831301879344,1.0,1.0
1.6408621538598065,0.0012137274737972,1.721317932946011,0.4153222579012596,1.0,1.0
0.4675611222121909,0.630269716378193,-0.091055703179275,0.6676123181940883,1.0,1.0
-0.3233694839431216,1.545626828437794,-0.3753496068852022,0.6384889018381376,0.0,0.0
0.1323322560271575,1.3722331904705571,1.1882668634973976,1.2328097821252706,1.0,1.0
0.9546905683873168,0.2915472608142878,-0.205562969949718,0.7124826980448262,1.0,1.0
1.221826071128515,-0.2971846262372619,0.4340983133886181,0.3484399935954426,1.0,1.0
1.4103923083575962,1.4044924719528338,1.1961639163781177,1.2621025206693373,1.0,0.0
-1.706188556956383,-2.1331409835973347,-1.782209577585506,-2.934209267409301,0.0,0.0
-2.1042728355511104,-0.7286525160627131,-1.3585326905348676,-0.0447261272098916,0.0,0.0
-0.7843091749475422,-0.6439719021717365,-0.8926065705723755,-0.1050048261791848,0.0,0.0
0.6561273594412717,-0.0068510928967719,0.2208778856091729,0.0580524409765159,1.0,1.0
0.2894707870513919,0.5496215126725011,0.11031914527909,0.5551823852850692,1.0,1.0
-1.6799988017856773,1.2875525765795808,-0.8096875153248133,0.7741159745190473,0.0,0.0
0.2266153746416982,-1.0552777410707643,1.1250904404516355,-0.6019654482996225,0.0,0.0
-0.0405201280995002,1.3682007802852725,-1.4138120606999087,1.1523817427701744,1.0,1.0
0.8446935966703529,-0.1278233984553091,-0.0357763330142337,-0.0247461090122044,1.0,1.0
0.3313743953245211,0.6060752552664854,0.1379588303616108,0.5882002119676878,1.0,1.0
0.7085068697826831,0.4528436682256709,-0.0397248594545938,0.3533503370508065,1.0,0.0
0.813265890465506,0.0455702395119277,-0.6912317221140104,0.5484094977604296,1.0,1.0
1.2584917283675028,0.9528625312009602,1.077708123167315,0.7460084912917928,1.0,1.0
1.1642086097529625,0.0496026496972123,0.0550397751140486,0.4864375769099764,1.0,1.0
0.7766002332265179,0.4084871561875409,-0.3161217102798007,0.53909677741405,1.0,1.0
-0.6638363011622961,-0.3173466771636849,-0.5411877173803267,-0.2130323821971879,0.0,0.0
-1.3814355928396322,-0.5794533392071831,-0.3990407655273629,0.6987676008074307,0.0,1.0
-0.7685953218451187,-1.4544863494139386,1.0856051760480343,-1.0152809094907596,0.0,0.0
-0.3600351411821096,0.279450030258434,-1.0071138373428183,-0.008660501141185,0.0,0.0
-0.8995440976986474,-0.2165364225315701,0.7460319021770664,-0.3417172451653424,0.0,0.0
0.2947087380855331,0.0254081885855048,1.68578119498277,-1.2096627814479188,0.0,0.0
0.6875550656461185,-0.2931522160519774,-0.2687393929954796,-0.3886194912734718,1.0,1.0
0.1689979132661456,-0.2971846262372619,1.7805458295514127,-0.3325738470070785,0.0,0.0
-2.640639021447163,-1.857727367942397,-1.796819125414839,-2.472975626981338,0.0,0.0
0.4308954649732023,0.436714027484533,1.7015753007442107,0.8130600777857258,1.0,0.0
0.2423292277441216,0.0737971108089199,-0.4938054000960054,0.6664270628772763,1.0,1.0
0.4623231711780498,-0.0552400151201865,0.5486055801590611,0.0111501948683858,1.0,1.0
0.7504104780558123,0.8359226358277071,1.1369360197727163,0.5330011786418744,1.0,1.0
0.5251785835877429,0.9206032497186836,-0.1265924411425159,0.5815966466311642,1.0,1.0
0.73993457598753,-0.345573548460677,0.11031914527909,0.516407604206507,1.0,1.0
-1.18763140457641,-0.7609117975449894,0.0076574578297273,0.050771586887528,0.0,0.0
0.8813592539093409,0.7109179200838848,0.9513552770757912,0.8301616187854409,1.0,1.0
-0.9257338528693532,0.5738159737842087,0.1695470418844916,0.9114362690811172,0.0,1.0
1.7403832235084884,0.3802602848905488,0.971097909277592,0.7764864851526714,1.0,1.0
-2.3818842403605904,-2.2882678034252324,-1.5863626661436452,-5.822168507915667,0.0,1.0
-0.6690742521964376,-1.3738381457082467,0.4143556811868176,-0.4671849865592923,0.0,0.0
1.190398364923668,-0.3052494466078311,0.3274880994988953,0.1913090030238017,1.0,1.0
0.5199406325536018,0.4810705395226631,-0.1621291791057569,0.5463776315030378,1.0,0.0
1.242777875265079,-0.619777441060029,1.377796132634682,-1.2122026142696587,0.0,0.0
-0.627170643923308,0.5738159737842087,1.0658625438462344,0.6259590599175541,0.0,1.0
-1.590953634205278,0.2310611080350189,-0.7149228807561709,0.7934187039642705,0.0,1.0
1.447057965596584,0.122186033032335,0.6552157940487839,0.1972352796078615,1.0,1.0
0.6508894084071305,0.2471907487761573,0.1024220923983698,0.6632099413030724,1.0,1.0
-1.5280982217955843,-2.1621743369313835,-1.6574361420701271,-1.218298213041834,0.0,0.0
-0.234324316362722,0.6504317673046159,0.5880908445626621,0.3509798264171826,0.0,0.0
-0.1348032467140409,1.6786963645521855,-1.172951947837943,0.4381807532969187,0.0,0.0
0.5513683387584487,0.698820689528031,0.7776201136999468,0.0208015595909975,0.0,0.0
-1.0933482859618695,-1.1480231753323098,-0.6280552990682488,-0.2162495037713918,0.0,0.0
-0.6062188397867435,-1.9399885357222024,-1.6100538247858058,-2.521740417158744,0.0,0.0
0.4466093180756263,-0.4060597012399456,-1.7632566506717775,0.2598844892107786,1.0,1.0
1.3056332876747732,0.3842926950758333,0.7262892699752659,0.9503803723477956,1.0,1.0
0.2947087380855331,-0.3778328299429537,0.6710098998102244,0.138819124707844,1.0,1.0
-1.439053054215185,0.436714027484533,0.3393336788199761,-0.4922446704004591,0.0,0.0
1.132780903548116,-0.3939624706840921,1.0658625438462344,0.1950340911623536,1.0,1.0
-1.1509657473374222,-1.87788941886882,0.430149786948258,-1.9902380686626435,0.0,0.0
-1.7847578224685003,-2.125882645263822,-1.2558710030855047,-1.6444821605297872,0.0,0.0
-0.4543182597966502,-1.3536760947818238,-0.6241067726278886,-0.2160801815832759,0.0,1.0
0.0328111863784758,0.0294405987707894,0.0471427222333284,0.2780019633391898,1.0,1.0
0.9808803235580228,-0.0915317067877478,0.3393336788199756,-0.1803531998908015,1.0,1.0
0.0590009415491815,0.6262373061929088,0.5051717893151,-0.055732069437431,0.0,0.0
-0.1819448060213106,1.4690110349173873,0.5880908445626621,0.8481097707257361,0.0,0.0
0.8761213028751997,1.5980481608464938,-0.4582686621327644,0.7185782968170018,1.0,0.0
0.8394556456362118,0.6343021265634775,1.208009495699198,0.6904708135897473,1.0,1.0
1.1851604138895269,0.2431583385908727,0.1063706188387299,0.7319547496781653,1.0,1.0
0.2109015215392747,1.1222237589829125,1.239597707222079,1.248387423431942,1.0,1.0
-0.4386044066942268,1.505302726584948,1.567325401771967,0.6351024580758178,0.0,0.0
1.3789646021527493,0.190737006182173,0.9316126448739908,0.6469550112439373,1.0,1.0
0.4675611222121909,-0.6157450308747444,0.8289509574246281,0.1450840456681358,1.0,1.0
0.6561273594412717,1.0496403756477903,0.2485175706916932,0.7197635521338139,1.0,0.0
0.6613653104754128,-0.9423702558827958,-0.8689154119302148,-0.0807917532785978,1.0,1.0
1.1065911483774102,0.8238254052718533,1.5041489787262057,0.4369954979801067,1.0,1.0
-1.5071464176590197,1.614177801587632,-0.4266804506098841,0.6506800993824894,0.0,0.0
0.7818381842606591,-0.168147500308155,-0.3990407655273629,0.2329622613003359,1.0,1.0
0.9704044214897404,0.2633203895172956,0.7144436906541856,0.4227724341783632,1.0,1.0
-2.0676071783121217,-1.039148100329626,-0.4069378184080835,0.916177290348365,0.0,0.0
-0.3652730922162507,-0.1076613475288862,-0.7030773014350907,0.4407205861186584,1.0,1.0
1.190398364923668,0.924635659903968,1.5357371902490862,0.7427913697175889,1.0,1.0
0.7975520373630826,0.0375054191413586,-0.1700262319864771,0.3916171515650208,1.0,0.0
0.0799527456857461,0.5375242821166474,0.0037089313893672,1.0010077065944771,1.0,1.0
1.096115246309128,0.9972190432390904,0.4459438927096985,0.4093959813171999,1.0,0.0
-0.2448002184310043,0.9044736089775453,-0.5806729817839275,0.7568451113312161,1.0,1.0
-0.0876616874067705,0.3600982339641258,1.5002004522858454,0.1063092645895737,0.0,1.0
-2.324266778985037,-1.0310832799590568,-1.5899163399399694,0.0868372129562346,0.0,0.0
0.0694768436174638,-1.027050869773772,-0.1502835997846765,0.2219563190727965,1.0,1.0
-0.5066977701380617,1.6262750321434858,-0.991319731581378,0.8829901414776304,1.0,0.0
-0.8576404894255182,0.3359037728524183,0.0826794601965693,0.7614168104103479,0.0,1.0
0.7242207228851071,0.5012325904490861,-1.9192234450660013,-0.0733415770014941,1.0,0.0
-0.7319296646061307,-1.4746484003403613,0.5722967388012218,-1.846144886575934,0.0,0.0
1.1065911483774102,-0.0552400151201865,0.1221647246001703,0.5157303154540431,1.0,1.0
-0.0562339812019236,1.089964477500636,0.3235395730585352,0.6420446677885733,1.0,1.0
1.5361031331769837,0.5496215126725011,-0.5451362438206867,0.3531810148626905,1.0,0.0
-0.0667098832702059,0.4205843867433947,0.2524660971320538,0.4683201027815652,1.0,1.0
-2.182842101063227,0.6060752552664859,-1.338790058333067,-0.0020569358046614,0.0,0.0
-0.2657520225675689,-1.760949523495567,-0.6714890899122098,-1.573874808085418,0.0,0.0
0.148046109129581,0.0899267515500582,0.2840543086549342,-0.9446735570463908,0.0,0.0
0.991356225626305,0.1705749552557501,0.3669733639024963,0.6777716494810477,1.0,1.0
0.4518472691097675,0.8036633543454303,1.4330755027997235,-0.4942765366578511,0.0,0.0
0.92326286218247,0.1544453145146117,1.29487707738712,0.2454921032209193,1.0,1.0
0.5304165346218841,1.235131244170881,1.1369360197727163,0.8203409318747132,1.0,1.0
-1.9995138148682872,0.3359037728524183,-1.7869478093139382,-1.996164345246703,0.0,0.0
0.1742358643002867,0.4649408987815251,-0.1147468618214356,0.5829512241360921,1.0,1.0
-0.0667098832702059,1.7109556460344624,-1.0900328925903804,0.8333787403596448,1.0,0.0
0.9442146663190348,0.6383345367487622,-1.338790058333067,0.4911785981772241,1.0,1.0
-1.3133422293957977,-2.0577349131325127,-1.46909143086495,-2.5195392287132354,0.0,0.0
-1.96808610866344,-1.3536760947818238,-1.7672051771121378,-1.1299120308452864,0.0,0.0
-0.197658659123734,0.4891353598932322,-0.2213570757111584,0.739066281579037,1.0,1.0
0.3785159546317914,1.283520166394296,1.6620900363406097,0.8570838466958837,1.0,1.0
-1.7638060183319355,-2.0807196511886348,-0.8175845682055339,-0.9814164718675612,0.0,0.0
0.2266153746416982,0.7633392524925844,0.1577014625634113,0.6134292179969707,1.0,0.0
-0.1348032467140409,1.473043445102672,-0.9360403614163366,0.961216992387219,1.0,0.0
-0.5381254763429085,-0.3536383688312462,0.1142676717194501,0.3028923249922408,0.0,1.0
0.4466093180756257,0.3842926950758333,0.975046435717952,0.2421056594585995,1.0,0.0
0.2789948849831096,-0.5471940577249064,-0.2608423401147595,-0.9121636969281204,0.0,0.0
1.227064022162656,1.0052838636096595,1.3501564475521617,0.7514268013115045,1.0,1.0
-0.5381254763429085,0.1947694163674576,-1.540559759435468,0.583628512888556,1.0,0.0
0.886597204943482,0.3197741321112799,-0.2726879194358398,0.5228418473549148,1.0,1.0
0.2318533256758393,0.7754364830484382,-1.334841531892707,0.7329706828068614,1.0,1.0
1.5046754269721367,0.6907558691574618,1.27513444518532,0.5859990235221799,1.0,1.0
-0.7895471259816833,0.3157417219259953,1.168524231295597,0.0180924045811416,0.0,1.0
-1.8580891369464765,0.0697647006236353,-1.508576695268551,0.204008167132501,0.0,0.0
-1.4495289562834672,-1.3375464540406854,-0.6596435105911296,-0.9912371587782888,0.0,0.0
0.6037478490998601,1.1141589386123434,1.2632888658642396,0.7551518894500563,1.0,1.0
1.4994374759379956,0.9044736089775453,0.9434582241950712,1.223666383967007,1.0,1.0
-0.7685953218451187,-0.7205876956921435,0.299848414416375,-0.8806697699385457,0.0,0.0
-0.6114567908208847,-1.047212920700195,-1.0347535224253397,-1.2162663467844428,0.0,0.0
0.4570852201439086,-0.1237909882700245,-0.0752615974178346,0.4620551818212735,1.0,1.0
0.1270943049930164,-0.0874992966024632,-1.097929945471101,0.4561289052372138,1.0,1.0
1.101353197343269,1.1665802710210431,0.7815686401403072,0.739912892519617,1.0,1.0
0.2789948849831096,0.0415378293266431,0.6117820032048223,0.1735301732716224,1.0,0.0
1.0542116380359987,0.4246167969286792,1.8753104641200544,-0.6708795788628313,0.0,0.0
0.2894707870513919,0.6544641774899005,0.6591643204891441,0.4363182092276426,1.0,1.0
-0.3862248963528153,-1.7085281910868673,-0.7504596187194119,-1.244035185635465,0.0,0.0
1.3789646021527493,-0.0310455540084789,0.0471427222333284,0.2884999390023814,1.0,1.0
0.6351755553047076,0.0294405987707898,0.8605391689475094,-0.1425943519409351,0.0,0.0
0.813265890465506,0.4044547460022563,-0.5017024529767256,0.4967662303850519,1.0,1.0
1.221826071128515,0.9730245821273832,0.8723847482685892,0.7898629380138347,1.0,1.0
-1.219059110781257,-0.2165364225315701,-1.54727225438408,-1.8227784246159275,0.0,0.0
1.064687540104281,0.9367328904598218,1.2119580221395585,1.1327403689487192,1.0,1.0
1.6094344476549596,-0.4181569317957994,-0.8531213061687744,-0.0291484859032202,1.0,1.0
-0.4752700639332148,0.3560658237788412,0.3472307317006958,-0.2021957621577644,0.0,0.0
0.6351755553047076,0.9407653006451064,-0.6517464577104093,0.7871537830039788,1.0,0.0
0.3418502973928028,1.190774732132751,1.887156043441135,0.6369650021450937,0.0,0.0
-0.2395622673968632,-0.9665647169945036,-1.0939814190307404,-0.4152030748076826,0.0,0.0
-0.5957429377184612,1.4367517534351106,1.6897297214231304,1.0331789223365158,0.0,0.0
0.0118593822419112,0.5576863330430708,0.3590763110217766,0.3939876621986447,0.0,0.0
0.2056635705051336,1.0738348367594974,0.4775321042325793,0.471367902167653,1.0,0.0
0.5042267794511783,-0.3254114975342541,-0.7386140393983316,-0.2529924185925623,1.0,1.0
-0.3443212880796861,-0.3899300604988075,1.3501564475521617,0.1462693009849477,0.0,0.0
0.6194617022022841,-0.0431427845643332,-0.6477979312700493,0.274784841764986,1.0,0.0
0.8761213028751997,0.6665614080457543,-0.553033296701407,-0.0520069812988791,1.0,1.0
-0.0614719322360648,-0.0391103743790481,-1.5658303286537727,0.5233498139192627,1.0,1.0
-0.1505170998164637,1.3601359599147034,1.1882668634973976,0.2627629664087506,0.0,0.0
-0.4805080149673559,1.210936783059174,0.0510912486736885,0.6240965158482782,0.0,0.0
-1.14048984526914,0.3117093117407107,-0.3477099218026815,0.6970743789262709,0.0,1.0
0.6980309677144008,0.1100888024764812,-0.6596435105911296,0.739066281579037,1.0,1.0
0.0694768436174638,-1.0310832799590568,-1.4730399573053103,-0.631935475596153,0.0,0.0
0.813265890465506,0.8278578154571379,0.4617379984711389,0.3103425012693444,1.0,1.0
-0.6219326928891669,1.1101265284270587,-1.117672577672901,0.7781797070338312,1.0,1.0
-1.00430311838147,-0.5068699558720604,-0.4977539265363655,0.4515572061580819,0.0,1.0
1.2742055814699262,0.9689921719420984,0.5683482123608616,0.5006606407117198,1.0,1.0
0.9494526173531758,0.3278389524818491,-1.1690034213975824,0.4041469934856042,1.0,0.0
0.1323322560271575,-0.0512076049349019,-0.7188714071965311,0.0544966750260799,1.0,1.0
-0.7005019584012838,-0.2044391919757164,0.315642520177815,0.1935101914693096,0.0,1.0
1.158970658718821,-0.3536383688312462,-0.0002395950509928,0.2285598844093201,1.0,1.0
0.7975520373630826,0.7230151506397385,0.2287749384898932,0.5783795250569603,1.0,1.0
-0.4647941618649325,-0.3536383688312462,0.3946130489850171,0.1765779726577104,0.0,1.0
-1.7219024100588065,-1.918213520721666,-0.4543201356924043,-1.3803395470688389,0.0,0.0
0.7294586739192477,0.7472096117514461,1.1961639163781177,0.4312385435841629,1.0,1.0
0.6299376042705659,0.4931677700785168,-0.564878876022487,0.6125826070563908,1.0,1.0
-0.5747911335818966,-0.0915317067877478,-0.3279672896008814,0.1440681125394398,0.0,0.0
0.3680400525635091,0.3359037728524183,0.6196790560855431,-0.3693167618282489,0.0,1.0
-0.7371676156402719,-1.3980326068199542,-0.7899448831230129,-0.2717871814734372,0.0,0.0
-2.2404595624387795,-1.8133708559042667,-1.739565492029617,-1.3021126961592504,0.0,0.0
-1.5280982217955843,0.2068666469233114,0.1813926212055719,-0.4988482357369831,0.0,0.0
-0.2971797287724158,0.9327004802745372,0.1774440947652118,0.36164712426849,0.0,0.0
-0.2971797287724158,1.1988395525033195,1.101399281809475,1.0604397946231905,1.0,0.0
-2.088558982448687,0.5092974108196552,-0.9084006763338158,0.9900017643669377,0.0,0.0
-0.7214537625378484,0.4004223358169717,0.3314366259392554,0.494057075375196,0.0,1.0
-1.1195380411325753,0.456876078410956,-0.3556069746834017,-0.2775441358693811,0.0,0.0
-1.8999927452196053,-1.0996342531088947,-1.4454002722227894,-0.0225449205666965,0.0,0.0
0.6299376042705659,0.944797710830391,-0.6359523519489689,0.7324627162425134,1.0,1.0
0.4466093180756263,0.4931677700785168,0.6236275825259031,0.4710292577914211,1.0,1.0
0.2318533256758393,1.1262561691681972,0.7934142194613876,1.002700928475637,1.0,1.0
-1.1614416494057045,0.7028530997133156,-0.9676285729392174,0.4549436499204018,0.0,0.0
-0.6533603990940138,0.6343021265634775,0.1813926212055719,0.1520262553808916,0.0,0.0
0.3889918567000737,-0.188309551234578,1.8713619376796944,0.5814273244430481,1.0,0.0
-0.7633573708109775,0.2471907487761573,-1.1650548949572224,-0.2228530691079155,0.0,0.0
1.4365820635283018,0.2592879793320111,0.971097909277592,0.1940181580336576,1.0,0.0
-0.8681163914938005,0.9931866330538056,0.035297142912248,0.3724837443079136,0.0,0.0
-0.2448002184310043,-1.260930660520278,-1.2163857386819037,0.1120662189855173,1.0,1.0
0.0956665987881695,-0.4342865725369378,-0.564878876022487,0.3022150362397767,1.0,1.0
-0.0667098832702059,-1.2004445077410093,-1.4375032193420694,-0.0641981788432307,1.0,0.0
1.3265850918113384,0.5012325904490861,1.1171933875709157,0.5301227014439025,1.0,0.0
0.2947087380855331,-1.8214356762748365,-1.038702048865699,-1.2513160397244527,0.0,0.0
-0.4909839170356382,-0.014915913267341,-0.9202462556548962,0.2856214618044095,0.0,1.0
0.6927930166802596,1.1786775015768969,0.694701058452385,0.6119053183039267,1.0,1.0
0.0799527456857461,1.2230340136150273,0.9513552770757912,0.1276438602921887,0.0,0.0
0.5566062897925904,0.9447977108303904,1.0303258058829934,0.5573835737305771,1.0,0.0
-0.0405201280995002,1.3077146275060036,1.808185514633933,-0.1940682971281968,0.0,0.0
-0.0457580791336408,-0.90204615402995,-0.4108863448484432,-0.1627436923267381,0.0,0.0
-1.5071464176590197,0.9568949413862444,-0.916297729214536,0.3743462883771895,0.0,0.0
1.096115246309128,0.8520522765688454,1.2909285509467598,1.0164160257130324,1.0,1.0
-1.4023873969761975,1.5940157506612092,-0.6477979312700493,0.9288764544570643,0.0,0.0
0.3208984932562388,0.299612081184857,-0.363504027564122,0.474923668118089,1.0,1.0
0.7608863801240946,0.3600982339641258,-0.0752615974178346,0.141358957529584,1.0,1.0
0.7766002332265179,-0.3858976503135229,-0.4385260299309639,-0.7919449433657658,0.0,1.0
-0.9257338528693532,-0.2205688327168547,0.1300617774808906,-1.1935771735768996,0.0,0.0
-1.1562036983715631,1.0012514534243753,-0.5806729817839279,0.3992366500302404,0.0,0.0
-0.2605140715334278,0.3802602848905488,-0.3121731838394408,0.5748237591065245,1.0,1.0
-0.6952640073671427,0.1383156737734733,-0.0357763330142337,0.6776023272929317,1.0,1.0
1.4994374759379956,0.6383345367487622,-0.3121731838394408,0.49558097506824,1.0,1.0
0.1794738153344278,1.4165897025086875,1.883207517000775,1.337958860945302,1.0,1.0
0.184711766368569,-0.1963743716051472,-0.1897688641882776,0.3816271424661772,1.0,1.0
-1.549050025932149,-1.4827132207109304,-1.5859678134996091,-1.981263992692496,0.0,0.0
0.2894707870513919,-0.1399206290111629,0.0116059842700874,0.6342558471352377,1.0,1.0
-0.3286074349772627,-0.1963743716051472,-0.999216784462098,-0.1075446590009248,0.0,1.0
0.5199406325536018,0.7391447913808769,0.580193791681942,0.8101816005877538,1.0,1.0
-0.4176526025576622,0.8964087886069759,-0.0239307536931534,1.2764949066591968,1.0,1.0
-0.9990651673473288,0.8157605849012837,0.7815686401403072,0.4207405679209714,0.0,0.0
-0.4543182597966502,-2.058138154151041,-1.4177605871402688,-1.8513938744075296,0.0,0.0
-0.2081345611920163,1.3278766784324267,1.7450090915881715,0.961216992387219,0.0,0.0
-0.4595562108307914,-0.7609117975449894,-1.0465991017464191,0.1657413526182869,1.0,1.0
-0.3076556308406981,1.396427651582265,-0.1384380204635962,0.4896546984841803,0.0,0.0
0.1585220111978633,0.2350935182203035,-0.3477099218026815,0.5099733610580994,1.0,1.0
-1.5228602707614431,-1.2165741484821475,1.5910165604141278,-2.316352602974045,0.0,0.0
-0.9728754121766234,-0.8859165132888117,0.5367600008379808,-1.3771224254946353,0.0,0.0
0.4623231711780498,0.3359037728524183,0.6631128469295041,-0.1148255130899123,0.0,1.0
0.1166184029247341,-0.0915317067877478,-0.6635920370314896,-0.1177039902878841,0.0,0.0
1.0908772952749868,1.1544830404651891,1.6976267743038504,-0.7482598188318397,0.0,0.0
0.7766002332265179,0.4447788478551022,1.5002004522858454,1.008457882871581,1.0,1.0
-0.6166947418550258,-0.5028375456867759,-0.1818718113075574,-0.1671460692177539,0.0,0.0
0.1794738153344278,0.0496026496972123,-0.1226439147021558,0.430730577019815,1.0,1.0
-1.250486816986104,-0.3294439077195387,-1.354584164094507,-0.0040888020620534,0.0,0.0
0.1689979132661456,1.2431960645414502,0.9276641184336308,0.8907789621309661,1.0,1.0
0.886597204943482,0.8843115580511222,1.2277521279009986,0.6716760507088722,1.0,1.0
0.6823171146119773,1.0456079654625052,-0.7070258278754508,0.7238272846485977,1.0,1.0
0.7975520373630826,-0.5955829799483214,-0.1739747584268371,-0.3083607741064917,1.0,1.0
1.0123080297628697,-0.5754209290218985,0.1695470418844916,-0.6265171655764413,0.0,1.0
-0.0981375894750522,-2.006523303779398,-0.0910557031792754,-3.853967393255371,0.0,0.0
0.3051846401538154,-0.8294627706948274,0.4380468398289782,0.407025470683576,1.0,0.0
0.6875550656461185,1.0657700163889283,1.4765092936436848,1.16355700718583,1.0,1.0
0.9075490090800468,0.7875337136042919,1.4212299234786432,0.8054405793205061,1.0,1.0
-0.2500381694651461,0.5576863330430708,-0.6714890899122098,-0.0816383642191779,0.0,0.0
0.6508894084071305,0.6746262284163235,-0.091055703179275,0.8161078771718135,1.0,1.0
-0.3705110432503919,0.7955985339748607,-0.1107983353810759,0.7920641264593425,1.0,0.0
0.2528051298124039,-1.0230184595884877,-0.5135480322978059,0.0141979942544738,1.0,1.0
1.158970658718821,0.8318902256424224,1.2632888658642396,0.7956198924097784,1.0,1.0
-1.1143000900984346,-1.623847577195891,0.0155545107104475,-1.9016825642779795,0.0,0.0
-2.580926379657954,-0.0512076049349019,-0.584621508224288,0.2722450089432461,0.0,0.0
-0.3967007984210976,-0.3818652401282383,1.2632888658642392,0.5819352910073962,1.0,0.0
1.447057965596584,-0.1762123206787242,0.8486935896264286,0.5235191361073788,1.0,1.0
-1.7271403610929477,-0.5068699558720609,-0.876812464810935,-0.0042581242501693,0.0,0.0
-0.5747911335818966,-1.53513455311963,-0.6438494048296896,-2.374091469121598,0.0,0.0
-0.1452791487823231,0.658496587675185,0.6512672676084235,-0.0423556165762675,0.0,0.0
-0.9047820487327886,1.1302885793534818,-0.6872831956736503,0.9624022477040308,0.0,1.0
0.6404135063388482,-0.1842771410492934,1.0698110702865944,-0.6796843326448628,0.0,0.0
-1.6014295362735604,-1.3738381457082467,-1.7522007766387693,-2.8590302158858,0.0,0.0
0.1218563539588752,0.9407653006451064,0.1932382005266522,0.4822045222070765,1.0,1.0
0.0223352843101935,-1.1843148669998709,1.5199430844876458,-1.4678791183248074,0.0,0.0
-1.266200670088527,1.1181913487976278,-0.4859083472152852,0.3464081273380507,0.0,0.0
-2.5914022817262365,-1.5794910651577605,-1.7995830939230906,-1.8427584428136143,0.0,0.0
0.0851906967198872,0.3318713626671337,1.7805458295514127,1.0961667763156648,1.0,1.0
1.2846814835382083,-0.3899300604988075,-1.7672051771121378,0.1286597934208847,1.0,0.0
0.1899497174027102,-1.6077179364547525,-1.0189594166638984,-1.1908680185670442,0.0,0.0
-0.4490803087625091,1.344006319173565,-1.330893005452347,0.9649420805257708,1.0,0.0
1.190398364923668,0.2068666469233114,1.4370240292400835,-0.059287835387867,1.0,0.0
1.1432568056163976,0.3036444913701415,1.4409725556804438,0.4832204553357725,1.0,1.0
1.619910349723242,-0.0754020660466094,-0.4898568736556453,0.5079414948007074,1.0,1.0
-0.6533603990940138,-1.3778705558935314,-0.7346655129579716,-0.3559403089670854,0.0,1.0
0.9861182745921638,0.8197929950865687,1.5515312960105268,0.5831205463242081,1.0,1.0
0.1794738153344278,-0.4544486234633608,-1.263768055966225,0.1999444346177173,1.0,1.0
-0.9100199997669296,-0.3697680095723846,-0.3792981333255624,0.2278825956568562,0.0,1.0
-1.1195380411325753,-1.951279284241,-1.659805257934343,-1.4204689056523294,0.0,0.0
-0.2605140715334278,0.3359037728524183,-0.4266804506098836,0.9505496945359114,1.0,1.0
-1.145727796303281,-1.2085093281115789,-0.8491727797284143,-1.6419423277080474,0.0,0.0
-1.5228602707614431,0.7391447913808769,-0.8965550970127355,0.7502415459946925,0.0,0.0
-0.8733543425279416,0.5576863330430708,0.6789069526909441,0.4932104644346161,0.0,0.0
0.4047057098024972,-0.4423513929075069,0.5565026330397813,-0.3842171143824561,0.0,1.0
-0.1190893936116174,0.8681819173099837,-0.0634160180967545,0.1076638420945015,0.0,0.0
-1.2400109149178216,-0.8052683095831199,1.2869800245064,-1.311594738693746,0.0,0.0
0.5566062897925899,-0.0834668864171786,-1.0150108902235384,-0.052684270051343,1.0,1.0
0.8027899883972237,0.1867045959968884,0.9632008563968716,0.5109892941867953,1.0,1.0
-0.2657520225675689,-0.5955829799483214,-1.2835106881680256,0.3130516562792003,1.0,1.0
1.358012798016185,0.9528625312009602,-0.0673645445371146,0.6459390781152412,1.0,1.0
0.6770791635778363,0.5818807941547779,-0.3714010804448421,0.5939571663636315,1.0,1.0
0.6089858001340013,-0.0068510928967719,0.4064586283060974,0.7148532086784501,1.0,1.0
-0.9309718039034942,0.3520334135935562,0.6907525320120245,-0.074865476694538,0.0,0.0
0.0851906967198872,-0.7851062586566969,-1.07423878682894,-0.1569867379307945,1.0,1.0
0.7818381842606591,0.7593068423072998,0.2840543086549346,0.7548132450738243,1.0,1.0
-0.553839329445332,0.3278389524818491,-1.7897117778221905,-0.4346751264410218,0.0,0.0
-0.6585983501281549,1.3520711395441345,1.9384868871658163,-0.124476877812524,0.0,0.0
0.2580430808465451,0.7754364830484377,-1.3466871112137873,0.3787486652682053,1.0,0.0
-0.5066977701380617,1.319811858061857,-0.3003276045183605,0.7106201539755502,0.0,0.0
-0.6638363011622961,-1.595620705898899,-0.7188714071965311,-0.3268168926111349,0.0,1.0
0.6404135063388482,1.077867246944782,-0.3753496068852022,0.8147532996668856,1.0,1.0
-0.4543182597966502,-1.1601204058881631,-0.8136360417651733,-0.2728031146021332,0.0,0.0
-0.4595562108307914,0.3963899256316871,-0.0910557031792754,-0.0489591819127914,0.0,0.0
-0.6690742521964376,-0.3133142669784003,-1.7510162187066611,-0.1681620023464499,0.0,0.0
-2.387122191394732,-2.2582666716467155,-1.6033413298371937,-3.4729924699943884,0.0,0.0
-0.7895471259816833,0.348001003408272,0.971097909277592,-0.4944458588459671,0.0,0.0
0.8289797435679295,0.7512420219367306,1.7687002502303324,0.8089963452709419,1.0,0.0
-0.4333664556600856,0.190737006182173,1.105347808249835,-0.6021347704877383,0.0,0.0
1.2165881200943738,0.6625289978604697,1.057965490965514,0.6936879351639511,1.0,1.0
0.6299376042705659,0.3439685932229874,1.8634648847989743,0.4679814584053333,1.0,1.0
-0.8943061466645063,-1.4827132207109304,-0.8649668854898547,-0.4224839288966705,0.0,1.0
-0.0038544708605122,-0.9423702558827958,-1.0584446810674997,-0.3808306706201363,0.0,1.0
-2.376646289326449,0.8076957645307149,-1.5575384231290164,0.1300143709258125,0.0,0.0
-0.2867038267041335,1.2109367830591735,0.0313486164718879,1.2852996604412283,1.0,1.0
0.3470882484269446,0.013310958029651,-0.1344894940232361,0.5345250783349182,1.0,1.0
-0.9257338528693532,0.7310799710103077,-0.1976659170689978,1.002362284099405,1.0,1.0
0.399467758768356,0.6665614080457543,0.390664522544657,0.6149531176900147,1.0,1.0
-0.9519236080400588,-1.7528847031249977,-1.184797527159023,-1.0420338152130864,0.0,0.0
1.0437357359677164,-0.3173466771636849,-0.4819598207749251,-0.9004804659481169,0.0,1.0
-1.7899957735026413,1.2310988339855968,-1.3506356376541473,1.1269834145527753,0.0,0.0
0.221377423607557,0.6020428450812008,-0.2687393929954796,0.9263366216353244,1.0,1.0
0.9127869601141878,1.3117470376912883,0.7302377964156259,0.8149226218550016,1.0,0.0
1.3842025531868904,0.2512231589614419,1.3106711831485602,0.0297756355611452,1.0,1.0
0.6927930166802596,0.4891353598932322,1.527840137368366,0.5038777622859236,1.0,0.0
1.5308651821428425,-0.6076802105041752,0.1774440947652118,-0.0586105466354028,1.0,1.0
0.8499315477044941,-0.1399206290111629,1.172472757735957,0.3643562792783459,1.0,1.0
-0.1190893936116174,0.4165519765581101,-0.7780993038019326,0.4708599356033052,1.0,0.0
-1.3238181314640796,-0.958499896623934,-1.3111503732505465,-0.2711098927209733,0.0,1.0
0.9389767152848936,-0.0794344762318945,1.101399281809475,0.0597456628576758,1.0,0.0
-0.0876616874067705,0.1100888024764812,-0.1700262319864771,0.7861378498752828,1.0,1.0
-0.4124146515235211,-1.3173844031142623,0.6631128469295041,-0.9423030464127672,0.0,0.0
-2.6684001619281106,-2.2529035661002865,-1.786158104025866,-5.018565403117166,0.0,0.0
-0.4490803087625091,-1.0714073818119028,-1.1413637363150622,-0.8876119796513015,0.0,0.0
-0.2028966101578752,0.5294594617460782,0.7697230608192269,0.7521040900639684,1.0,1.0
0.9023110580459056,-0.7851062586566969,-0.3477099218026815,-0.5120553664100305,1.0,1.0
-0.1662309529188877,1.4851406756585257,0.8486935896264286,0.7057098105201867,0.0,0.0
-1.2347729638836804,-2.1049141123003423,-1.176900474278303,-2.0823493389977434,0.0,0.0
0.2580430808465451,-0.0794344762318945,0.4538409455904186,0.0585604075408639,0.0,0.0
-2.481405310009272,-1.0915694327383256,-1.7478573975543732,0.5054016619789676,0.0,0.0
-2.2876011217460497,-1.6117503466400376,-1.7640463559598496,-1.311594738693746,0.0,0.0
0.3785159546317909,0.0778295209942045,-0.7623051980404922,0.0208015595909975,1.0,0.0
0.2737569339489685,-0.1036289373436016,-0.4108863448484432,0.4546050055441699,1.0,1.0
-1.1562036983715631,-0.4504162132780762,-0.28058497231656,0.4144756469606797,0.0,1.0
0.8656454008069174,1.2714229358384423,0.9316126448739908,0.1696357629449547,0.0,1.0
-1.821423479707488,-1.506907681822638,-1.7612823874515977,-1.448915033255816,0.0,0.0
0.6875550656461185,-0.7326849262479973,0.1182161981598102,-0.4946151810340832,0.0,0.0
-0.4962218680697794,-0.6601015429128747,-0.1581806526653967,0.6411980568479934,1.0,1.0
-0.8838302445962234,-1.3940001966346696,-0.9320918349759764,-0.4996948466775629,0.0,0.0
0.8604074497727763,0.5939780247106317,-1.3822238491770278,0.3687586561693617,1.0,1.0
0.9023110580459056,0.61010766545177,0.0313486164718879,0.0721061825901433,1.0,1.0
0.6142237511681424,0.5738159737842087,0.5841423181223021,0.4165075132180715,1.0,1.0
0.3837539056659326,0.4528436682256714,-0.6083126668664481,0.3696052671099417,1.0,1.0
-1.428577152146903,-0.4988051355014912,-1.1295181569939814,0.0446759881153524,0.0,0.0
-0.2186104632602992,1.5294971876966557,-0.1937173906286372,0.5548437409088374,0.0,0.0
-0.6166947418550258,0.658496587675185,0.4183042076271782,0.6825126707482956,0.0,0.0
0.6456514573729899,-0.6076802105041752,0.6196790560855431,0.0299449577492611,1.0,0.0
0.4308954649732023,-0.5673561086513293,1.1961639163781177,-0.5300035183503253,0.0,0.0
0.4308954649732029,0.6705938182310388,0.8842303275896696,0.5875229232152238,1.0,1.0
0.8080279394313649,0.9528625312009602,1.184318337057037,0.49558097506824,1.0,0.0
1.132780903548116,0.013310958029651,0.2445690442513336,0.1096957083518935,1.0,1.0
1.2846814835382083,-0.1116937577141708,-0.1976659170689978,0.1535501550739356,1.0,1.0
1.1746845118212446,-0.2608929345697006,-0.8333786739669738,0.0597456628576758,1.0,1.0
0.918024911148329,-0.4826754947603529,-0.1344894940232361,-0.3398547010960663,1.0,1.0
-0.0562339812019236,0.8076957645307149,-1.4769884837456706,-0.0640288566551145,0.0,0.0
0.4937508773828961,0.1705749552557501,-1.1808490007186627,0.6039471754624751,1.0,0.0
0.2842328360172508,-0.2044391919757164,1.4962519258454852,0.3972047837728484,1.0,0.0
1.064687540104281,0.0858943413647736,-1.0465991017464191,0.0302836021254929,1.0,1.0
0.2475671787782628,0.122186033032335,0.2208778856091729,-0.12549281094122,0.0,0.0
0.7713622821923768,-0.4988051355014912,-0.5253936116188862,0.1359406475098722,1.0,1.0
0.0485250394808992,-1.6843337299751595,-1.1295181569939814,-1.1278801645878944,0.0,0.0
-1.0566826287228814,-0.8173655401389737,-0.7346655129579716,-0.235213588840383,0.0,1.0
0.8237417925337883,0.5496215126725011,0.50122326287474,0.6896242026491672,1.0,1.0
-0.7424055666744136,1.4246545228792569,-0.5095995058574458,1.0963360985037809,1.0,0.0
-1.4181012500786203,-1.1802824568145864,-1.342738584773427,-0.8369846454046198,0.0,0.0
1.0227839318311511,-0.2528281141991315,-0.2766364458761999,-0.318012138829103,1.0,0.0
-1.1823934535422689,-1.635944807751745,-0.1226439147021558,-1.4365545135233484,0.0,0.0
1.2323019731967972,0.2552555691467265,1.563376875331607,0.6538972209566929,1.0,1.0
0.5094647304853195,1.0456079654625052,1.101399281809475,1.0526509739698546,1.0,1.0
-0.4333664556600856,0.299612081184857,1.7489576180285318,0.1371259028266841,0.0,1.0
0.73993457598753,1.0133486839802286,1.7410605651478115,0.31897793286326,1.0,1.0
0.4937508773828961,0.4609084885962405,0.2485175706916937,0.386029519357193,1.0,1.0
1.3056332876747732,0.1746073654410346,1.125090440451636,0.9585078373773632,1.0,1.0
0.6613653104754128,1.4206221126939722,1.4567666614418842,1.4585162588838885,1.0,1.0
-0.7895471259816833,-1.2085093281115789,1.4686122407629645,-1.436723835711465,0.0,0.0
-1.6642849486832538,1.650469493255193,-1.744698576402085,0.6606701084813326,0.0,0.0
-0.8262127832206714,-0.1923419614198626,-0.9834226787006578,0.1467772675492957,0.0,1.0
-0.9257338528693532,-1.0754397919971872,1.5831195075334077,-0.5591269347062764,0.0,0.0
0.9180249111483284,-0.7044580549510056,-0.0555189652160343,0.607164297036679,1.0,0.0
-0.7266917135719896,-0.2971846262372619,-0.6912317221140104,0.5793954581856563,1.0,1.0
-1.1195380411325753,-0.1036289373436016,-1.263768055966225,0.5973436101259515,0.0,1.0
-2.214269807268074,-2.148867383319944,-1.7991882412790543,-2.809588136955931,0.0,0.0
-0.4333664556600856,-0.7609117975449894,-0.6438494048296891,-0.275173625235757,0.0,1.0
0.0799527456857461,-1.494810451266784,-1.2440254237644244,-0.2179427256525517,1.0,0.0
-2.224745709336356,-0.1600826799375859,-0.1621291791057569,-0.8615363626814386,0.0,0.0
0.2842328360172508,-1.3778705558935318,0.2011352534073724,-0.6751126335657309,0.0,0.0
-0.7319296646061307,1.227066423800312,0.465686524911499,1.2495726787487538,1.0,1.0
-0.2028966101578752,-1.6440096281223138,-1.4572458515438702,-0.9423030464127672,0.0,0.0
-0.7162158115037073,0.1504129043293271,1.101399281809475,0.7573530778955642,0.0,1.0
-2.1985559541656503,-1.7730467540514208,-1.77391767206075,-2.039680147592513,0.0,0.0
0.8604074497727763,0.698820689528031,1.1606271784148767,0.6699828288277121,1.0,1.0
1.6356242028256651,-0.0874992966024632,1.6344503512580888,-0.1282019659510758,1.0,0.0
0.3208984932562388,-1.458518759599223,-0.8373272004073344,-0.5379616611917774,1.0,0.0
-2.0309415210731343,-1.450453939228654,-1.3585326905348676,-0.6840867095358784,0.0,0.0
-2.0414174231414166,-2.1287053323935217,-1.7616772400956335,-2.884597866291315,0.0,0.0
0.0013834801736289,0.6705938182310388,0.1498044096826911,0.5255510023647706,1.0,1.0
-0.0667098832702059,-1.0310832799590568,-0.553033296701407,-0.828687858186936,0.0,0.0
0.0118593822419112,0.4770381293373789,-0.2410997079129589,0.3111891122099243,1.0,0.0
1.2061122180260917,1.2472284747267348,0.7894656930210275,1.1982680557496084,1.0,1.0
1.05944958907014,0.3520334135935566,-0.0515704387756741,0.4722145131082331,1.0,1.0
-0.3862248963528153,-1.2165741484821475,-1.0860843661500204,-1.0549023015099015,0.0,0.0
-0.2500381694651461,0.8157605849012837,0.1537529361230512,0.6908094579659791,1.0,0.0
-0.3862248963528153,-0.853657231806535,-1.3664297434155874,0.1501637113116155,1.0,1.0
-0.4228905535918033,0.5455891024872166,1.5752224546526872,0.7138372755497542,0.0,1.0
-0.9257338528693532,-1.760949523495567,0.6354731618469834,-2.04154269166179,0.0,0.0
-0.9781133632107646,-1.9452306689630727,-1.07423878682894,-2.095895114047023,0.0,0.0
1.2008742669919503,0.2754176200731494,-0.7504596187194119,0.2705517870620861,1.0,1.0
-0.3967007984210976,0.7109179200838848,0.3946130489850171,0.4540970389798219,0.0,0.0
0.886597204943482,1.5819185201053554,1.1250904404516355,0.5346944005230343,1.0,0.0
1.3108712387089143,0.2229962876644497,0.6591643204891441,0.5560289962256492,1.0,1.0
0.7870761352948002,-0.0552400151201865,0.7183922170945456,0.5956503882447914,1.0,1.0
1.4103923083575962,0.5254270515607936,0.0076574578297273,0.1554126991432114,1.0,1.0
-0.4333664556600856,-1.9750705043341787,0.1774440947652118,-2.1163830988090577,0.0,0.0
-1.350007886634785,-0.4181569317957994,-0.4503716092520442,0.1728528845191585,0.0,1.0
-0.6376465459915903,-1.0512453308854797,-0.1621291791057569,-0.9658388305608898,0.0,0.0
-0.6952640073671432,-0.3415411382753924,-1.3624812169752276,0.4413978748711225,1.0,0.0
0.4047057098024972,-0.6520367225423057,-0.3240187631605209,-0.1556321604258664,1.0,0.0
0.7975520373630826,0.0173433682149356,-1.1413637363150615,0.7505801903709244,1.0,1.0
0.6770791635778363,0.7310799710103077,1.5870680339737675,0.6386582240262536,1.0,1.0
-1.7323783121270888,1.557724058993648,0.0037089313893672,0.7717454638854234,0.0,0.0
-0.2395622673968632,-0.4867079049456375,-0.3871951862062825,0.0590683741052116,0.0,1.0
-0.8890681956303651,0.8923763784216913,-0.639900878389329,0.9132988131503932,0.0,1.0
0.7975520373630826,0.6020428450812008,-0.6675405634718498,0.1269665715397245,1.0,0.0
1.0856393442408456,0.7109179200838848,0.5604511594801415,0.7136679533616381,1.0,1.0
-0.1767068549871694,-0.2004067817904317,-0.28058497231656,0.1222255502724769,0.0,1.0
0.0747147946516049,0.2229962876644497,-0.9557829936181372,0.7946039592810825,1.0,1.0
-0.1767068549871694,-0.3576707790165308,-0.7780993038019326,-0.0868873520507735,0.0,1.0
-0.8000230280499662,-2.129915055449106,-1.1650548949572224,-2.069311530512812,0.0,0.0
0.3680400525635091,0.4730057191520944,1.7687002502303324,0.71654643055961,1.0,1.0
-0.4019387494552388,0.9327004802745372,1.5436342431298065,0.3115277565861563,0.0,0.0
0.3366123463586623,0.0294405987707894,0.2958998879760149,0.6500028106300251,1.0,1.0
1.263729679401644,0.9367328904598218,1.6660385627809695,0.7598929107173041,1.0,1.0
-0.5643152315136143,0.5375242821166474,-0.7149228807561709,0.6396741571549496,1.0,1.0
0.0380491374126169,0.0173433682149356,-0.987371205141018,0.6134292179969707,1.0,1.0
0.3680400525635091,1.4286869330645413,1.4804578200840448,1.20283975482874,1.0,1.0
0.6508894084071305,-1.8053060355336972,-0.5727759289032073,-0.3019265309580839,1.0,0.0
-0.6585983501281549,-1.7649819336808514,-1.46514290442459,-0.6475131169028241,0.0,1.0
-2.156652345892521,-1.3456112744112545,-0.2371511814725988,-1.5115642428587333,0.0,0.0
0.8185038414996472,-0.3012170364225465,-1.0229079431042587,0.2177232643698966,1.0,1.0
-0.302417679806557,1.2109367830591735,-0.4622171885731245,1.0162467035249163,1.0,1.0
-1.339531984566503,1.2875525765795808,0.5999364238837425,0.250910413240631,0.0,0.0
0.6404135063388482,-1.6641716790487369,1.752906144468892,-0.9543249217690024,0.0,0.0
-2.229983660370497,-1.619815167010607,-1.7928705989744784,-1.077930119093677,0.0,0.0
-0.7528814687426952,-2.079913169151578,-1.4572458515438702,-3.629784816189797,0.0,0.0
-2.046655374175557,-1.9920066271123735,-0.876812464810935,-3.306210114700136,0.0,0.0
-1.774281920400218,1.7069232358491775,-1.7502265134185893,0.9038167706158976,0.0,0.0
-0.4019387494552388,-1.301254762373124,-1.4927825895071107,-0.7423335422477799,0.0,1.0
0.2685189829148274,-0.3818652401282383,0.8526421160667887,-0.3110699291163476,0.0,1.0
-0.4386044066942268,0.3560658237788412,-0.2095114963900781,0.5479015311960815,1.0,0.0
-0.2552761204992866,0.3923575154464025,-0.2213570757111584,0.6386582240262536,1.0,1.0
1.158970658718821,0.4447788478551022,-0.5411877173803267,0.5074335282363595,1.0,1.0
0.635175555304707,-0.4584810336486453,-0.3832466597659225,0.1968966352316294,1.0,1.0
0.4204195629049206,-1.2488334299644244,-0.6793861427929301,-0.4505914121239253,1.0,1.0
-0.3809869453186741,-0.2850873956814082,0.1498044096826911,0.0292676689967972,0.0,0.0
-0.8157368811523891,-1.107699073479464,-0.1818718113075574,-0.3274941813635988,0.0,0.0
0.7451725270216711,0.5980104348959167,1.5831195075334077,-0.6229613996260053,0.0,0.0
0.362802101529368,0.85608468675413,-1.1255696305536214,0.2363487050626557,1.0,1.0
0.1637599622320044,1.319811858061857,-0.0989527560599952,0.936326630734168,1.0,0.0
0.996594176660446,0.6383345367487622,0.8328994838649882,0.7514268013115045,1.0,1.0
0.184711766368569,0.3399361830377029,1.6147077190562884,0.1278131824803046,0.0,0.0
-0.0719478343043465,0.0737971108089203,0.540708527278341,-0.2372454550977749,0.0,0.0
0.0537629905150403,0.9931866330538056,-0.6556949841507694,0.1742074620240863,0.0,0.0
-0.1557550508506054,1.4891730858438097,1.054016964525154,0.8599623238938556,0.0,1.0
0.0170973332760523,0.5012325904490861,-0.363504027564122,0.8653806339135672,1.0,1.0
0.3261364442903794,1.4085248821381184,0.4025101018657373,0.7807195398555711,1.0,0.0
-0.9257338528693532,0.4165519765581101,-0.7188714071965311,0.5270749020578146,0.0,1.0
-1.3552458376689265,-1.3738381457082467,-1.2005916329204631,-0.7298037003271965,0.0,0.0
1.33706099387962,-0.4463838030927916,0.2643116764531341,0.2575139785771547,1.0,1.0
0.9285008132166112,-0.1237909882700245,0.7499804286174264,0.5363876224041941,1.0,1.0
-1.224297061815398,0.8722143274952684,-0.8531213061687744,0.5783795250569603,0.0,1.0
-0.0300442260312179,1.1585154506504738,0.3195910466181755,0.6464470446795892,1.0,0.0
0.4151816118707794,-1.4343242984875155,0.3709218903428565,-1.0372927939458387,0.0,0.0
-1.0671585307911635,-1.3899677864493856,-1.7597029768754535,-2.083195949938323,0.0,0.0
1.190398364923668,0.0616998802530661,-0.7978419360037332,0.2184005531223605,1.0,1.0
0.9756423725238816,0.8399550460129916,0.9553038035161514,0.229237173161784,1.0,0.0
0.73993457598753,-0.2004067817904317,0.4025101018657373,0.2717370423788982,1.0,1.0
-0.779071223913401,0.2189638774791651,1.4686122407629645,-0.3112392513044635,0.0,0.0
-0.5276495742746263,-2.114591896745025,-1.109775524792181,-2.839558164252461,0.0,0.0
0.8708833518410586,1.0254459145360824,-0.5688274024628471,1.0524816517817388,1.0,1.0
-0.5276495742746263,0.9165708395333984,-0.3082246573990807,0.1913090030238017,0.0,0.0
0.6456514573729893,0.0979915719206274,-0.5490847702610469,-0.0716483551203342,1.0,1.0
-0.5486013784111908,0.0294405987707894,-0.2845334987569201,-0.584017296359327,0.0,1.0
1.3265850918113378,0.4326816172992485,-0.5885700346646476,0.1567672766481395,1.0,1.0
-0.59050498668432,1.6706315441816164,-1.578465613262925,0.6879309807680074,0.0,0.0
-1.9785620107317223,-2.227902622951522,-1.394069428498108,-3.6970057248718464,0.0,0.0
0.2737569339489685,-1.829500496645405,0.3274880994988953,-3.261847701413746,0.0,0.0
0.436133416007344,0.4931677700785168,1.4646637143226044,0.0047159517199781,0.0,0.0
0.4675611222121909,1.2069043728738889,0.035297142912248,0.1706516960736507,0.0,0.0
-1.0147790204497522,-0.5391292373543372,-0.5372391909399665,0.2473546472901951,0.0,1.0
-1.549050025932149,0.0415378293266431,-0.2924305516376403,0.4173541241586515,0.0,0.0
-0.3024176798065576,0.9770569923126672,-0.2766364458761999,0.4679814584053331,0.0,0.0
0.1899497174027102,1.545626828437794,1.4646637143226044,1.090748466295953,1.0,0.0
-1.590953634205278,-1.720625421642721,-1.612422940650022,-0.9089465753539164,0.0,0.0
1.368488700084467,0.6262373061929083,1.4962519258454852,0.4469855070789503,1.0,1.0
0.8342176946020706,-0.1560502697523013,1.0026861208004727,0.7697135976280316,1.0,1.0
0.7661243311582357,1.3802980108411262,1.1606271784148767,1.1266447701765436,1.0,1.0
0.7504104780558128,0.6504317673046159,1.0026861208004727,0.0490783650063681,0.0,0.0
0.561844240826731,0.9568949413862448,0.8605391689475089,0.9994838069014332,1.0,1.0
0.2894707870513919,0.102023982105912,-0.7820478302422927,0.2879919724380335,1.0,1.0
-0.5171736722063434,0.8923763784216913,-0.3437613953623218,0.8443846825871842,1.0,0.0
0.991356225626305,1.3480387293588496,0.3116939937374549,0.8943347280814019,1.0,1.0
1.2375399242309384,0.2915472608142878,1.760803197349612,0.5787181694331922,1.0,1.0
1.7770488807474765,-0.3818652401282383,0.3590763110217762,-0.0100150786461131,1.0,1.0
-0.0824237363726294,-0.6238098512453135,0.5722967388012218,-0.8346141347709958,0.0,1.0
0.4885129263487555,-0.6480043123570212,1.4646637143226044,-1.0633684109157016,0.0,0.0
-0.553839329445332,-0.0310455540084789,0.3314366259392554,0.048739720630136,0.0,1.0
-0.4490803087625091,1.0657700163889283,1.8318766732760936,0.2339781944290319,0.0,0.0
-1.4966705155907374,-1.8536949577571125,-1.777076493213038,-1.3788156473757955,0.0,0.0
0.0904286477540284,-0.4060597012399461,-1.664543489662775,-0.6559792263086238,0.0,0.0
-0.0614719322360648,0.9407653006451064,1.200112442818478,0.6554211206497368,0.0,0.0
-0.6166947418550258,0.2068666469233114,-0.2016144435093579,0.3863681637334249,0.0,0.0
1.268967630435785,-0.2729901651255544,0.8171053781035478,0.3787486652682053,1.0,1.0
0.4570852201439086,0.0092785478443664,-0.7741507773615726,0.2954421487151371,1.0,1.0
0.2580430808465451,1.2310988339855968,0.3788189432235771,0.4778021453160608,1.0,0.0
-1.219059110781257,-1.680301319789875,-0.8373272004073344,-1.7184759567364756,0.0,0.0
-0.705739909435425,-1.9601505866486253,1.2593403394238794,-2.5058241314758405,0.0,0.0
-0.517173672206344,-0.4625134438339299,-0.6438494048296891,0.0135207055020099,0.0,1.0
0.2318533256758393,-0.6721987734687285,0.2327234649302532,-0.4991868801132149,0.0,1.0
-1.0357308245863177,0.5173622311902248,-0.2647908665551196,0.739743570331501,0.0,0.0
1.373726651118608,0.2633203895172956,1.6699870892213298,0.915669323784017,1.0,1.0
-0.0824237363726294,-0.1641150901228704,-0.8096875153248133,0.2107810546571409,1.0,1.0
-0.6166947418550258,0.6826910487868926,-0.5253936116188862,0.8469245154089241,1.0,1.0
-1.837137332809912,1.473043445102672,-1.354584164094507,-0.3559403089670854,0.0,0.0
0.3785159546317914,-0.6883284142098668,0.2050837798477325,0.4224337898021313,1.0,1.0
-0.8104989301182479,0.6423669469340467,1.0382228587637137,0.4391966864256146,0.0,1.0
0.918024911148329,0.3923575154464025,0.9908405414793924,0.3316770969719594,1.0,1.0
1.0018321276945872,1.0657700163889283,1.2238036014606384,0.8572531688839997,1.0,1.0
0.2685189829148274,-0.3858976503135229,-1.0229079431042587,0.4434297411285143,1.0,1.0
-1.3081042783616563,1.3399739089882805,-0.205562969949718,0.8210182206271773,0.0,1.0
-2.4552155548385666,-2.0319274879466915,-1.781419872297434,-2.78639099718404,0.0,0.0
-1.7428542141953711,0.4931677700785168,-0.991319731581378,0.1310303040545084,0.0,0.0
0.8027899883972237,-0.1358882188258783,0.4538409455904186,0.4539277167917059,1.0,1.0
-0.1819448060213106,1.1907747321327506,0.0668853544351289,0.1560899878956753,0.0,1.0
-1.0514446776887405,0.7351123811955919,-0.7899448831230129,0.404485637861836,0.0,0.0
1.352774846982044,0.5173622311902248,-0.9636800464988572,0.6510187437587209,1.0,0.0
1.441820014562443,0.4205843867433942,0.0826794601965693,0.2546355013791826,1.0,0.0
0.6823171146119773,-1.1802824568145864,0.0037089313893672,-1.344951209752597,0.0,0.0
0.7085068697826831,-0.1358882188258783,1.5712739282123271,0.1672652523113309,1.0,0.0
1.3527748469820435,0.9891542228685212,1.6897297214231304,0.8790957311509626,1.0,1.0
-0.852402538391377,1.497237906214379,-0.7149228807561709,0.6366263577688616,0.0,0.0
-2.2876011217460497,-2.0488636107248865,-1.6613846685104872,-2.7857137084315773,0.0,0.0
0.00662143120777,1.2391636543561653,-0.1305409675828765,1.4573310035670766,1.0,0.0
0.5304165346218846,0.4286492071139638,-0.2726879194358398,0.8108588893402178,1.0,0.0
-0.8733543425279416,-0.1923419614198626,-1.0071138373428183,0.1801337386081464,0.0,1.0
1.3422989449137612,0.0979915719206274,1.5159945580472858,0.605132430779287,1.0,1.0
0.5094647304853195,0.6423669469340467,0.6670613733698643,0.5758396922352204,1.0,1.0
-0.3914628473869564,-0.90204615402995,-0.6517464577104093,-0.6442959953286206,0.0,0.0
-0.124327344645758,0.5133298210049398,-0.0357763330142337,0.2862987505568734,0.0,0.0
-1.5071464176590197,0.9327004802745372,-0.6320038255086088,0.7578610444599121,0.0,0.0
0.2056635705051336,1.537562008067225,0.6512672676084235,1.0814357459495734,1.0,0.0
1.0227839318311511,0.0052461376590818,0.5130688421958203,0.4542663611679378,1.0,0.0
-0.7371676156402719,0.2512231589614419,0.6354731618469834,0.18927713676641,0.0,0.0
0.4937508773828961,-0.1923419614198626,0.0313486164718879,0.1648947416777068,1.0,1.0
-1.0985862369960109,-0.6157450308747444,-0.556981823141767,-0.1823850661481932,0.0,1.0
1.6041964966208184,0.8520522765688454,1.1724727577359566,0.7336479715593254,1.0,0.0
-0.7895471259816833,0.8641495071246992,-0.5490847702610469,0.7766558073407874,0.0,1.0
-0.5328875253087674,1.4448165738056795,0.6196790560855431,0.980011755268094,0.0,1.0
-0.0038544708605122,-0.9222082049563728,-0.1502835997846765,0.296796726220065,1.0,1.0
1.0175459807970106,-0.2649253447549852,-0.9676285729392174,0.0279130914918691,1.0,1.0
0.5670821918608722,-0.1076613475288862,-0.3950922390870028,0.8132293999738416,1.0,1.0
-1.8999927452196053,1.4609462145468182,0.1063706188387299,1.1417144449188668,0.0,0.0
-0.852402538391377,0.6262373061929088,-0.1423865469039563,0.6220646495908859,0.0,0.0
0.362802101529368,-1.5431993734901992,0.982943488598672,-1.5423808810958437,0.0,0.0
0.3366123463586623,-0.5955829799483214,0.9947890679197524,-0.34645826643259,0.0,0.0
-0.2971797287724158,-1.3375464540406854,-0.8965550970127355,0.1716676292023466,1.0,1.0
-0.4700321128990736,0.3238065422965645,0.5683482123608616,0.5203020145331749,0.0,0.0
0.2632810318806862,-0.5834857493924677,-0.2410997079129589,0.140343024400888,1.0,1.0
-0.7319296646061307,1.6424046728846242,1.3738476061943223,0.71908626338135,0.0,0.0
-1.5700018300687135,0.5778483839694937,0.8447450631860685,-0.5992562932897666,0.0,0.0
1.028021882865293,0.3076769015554261,0.2880028350952947,0.3369260848035552,1.0,1.0
0.8080279394313649,0.5859132043400629,1.255391812983519,0.582273935383628,1.0,0.0
0.0170973332760523,0.8318902256424224,0.8289509574246281,0.9224422113086568,1.0,1.0
-1.821423479707488,0.8318902256424224,-1.6151869091582738,0.6538972209566929,0.0,0.0
-1.674760850751536,-1.3859353762641005,-0.4503716092520438,-1.734900208983727,0.0,0.0
-0.7266917135719896,0.4609084885962405,-0.5214450851785262,-0.1828930327125411,0.0,0.0
-1.9366584024585936,1.057705196018359,0.1142676717194501,0.6266363486700182,0.0,0.0
1.441820014562443,-0.2931522160519774,-0.7859963566826529,0.0297756355611452,1.0,1.0
1.7351452724743472,0.0979915719206274,1.29882560382748,0.4019458050400961,1.0,0.0
1.15373270768468,0.5738159737842087,1.1408845462130763,0.849295026042548,1.0,1.0
0.8813592539093409,-0.014915913267341,1.1132448611305557,0.0897156901542063,1.0,0.0
0.6508894084071305,0.210899057108596,0.9632008563968716,0.2468466807258474,1.0,1.0
0.7608863801240946,-0.3173466771636849,-0.0673645445371146,0.3596152580110982,1.0,1.0
-1.700950605922242,1.6464370830699089,0.1379588303616108,0.8675818223590752,0.0,0.0
-1.4495289562834672,0.0455702395119277,-1.0860843661500204,0.4869455434743244,0.0,1.0
1.4889615738697133,0.8722143274952684,1.4804578200840448,0.629006859303642,1.0,1.0
0.9075490090800468,0.3762278747052642,0.2840543086549342,0.3506411820409506,1.0,0.0
-0.1609930018847466,0.2673527997025802,1.2317006543413582,0.6373036465213254,1.0,0.0
0.7032689187485419,0.4972001802638015,0.8960759069107499,0.8677511445471912,1.0,1.0
